appId,appName,campaignId,campaignName,userId,email,checklist,result,severity,feedbackText,screenName,reproducibility,usageImpact,publishRecommendation,uxDetails,interfaceEvaluation,colorEvaluation,usabilityEvaluation,stepsToReproduce,suggestion,rating,wouldPublishToday,deviceTechnicalData,markdownReport,createdAt,updatedAt
"buskia_app","BUSKIA","beta_julio_2026","Beta Julio 2026","tester_001","qa1@buskia.com","[""login"",""home_feed"",""publicar_alerta""]","no_funciono","alta","El boton de publicar se queda cargando y no completa la accion.","PublishAlertScreen","Si","Afecta mucho","No todavia","El flujo no indica claramente si el envio fallo o sigue en progreso.","Confusa","Mejorables","Dificil","1. Iniciar sesion. 2. Ir a Publicar alerta. 3. Completar formulario. 4. Presionar Publicar.","Mostrar mensaje de error con causa y habilitar reintento automatico.","","","{}","# Reporte
- Problema al publicar alerta
- Severidad alta","2026-07-07T15:20:00Z","2026-07-07T15:30:00Z"
"buskia_app","BUSKIA","beta_julio_2026","Beta Julio 2026","tester_002","qa2@buskia.com","[""home_feed"",""detalle_alerta""]","funciono_a_medias","media","La pantalla principal carga, pero los filtros tardan demasiado en aplicar.","HomeScreen","A veces","Afecta un poco","Si, con ajustes menores","El indicador de carga ayuda, pero no muestra tiempo estimado.","Clara","Correctos","Facil","1. Abrir app. 2. Entrar a Home. 3. Cambiar filtro por categoria.","Cachear resultados iniciales y reducir consultas duplicadas.","","","{}","# Reporte
- Lentitud en filtros
- Impacto medio","2026-07-07T16:10:00Z","2026-07-07T16:18:00Z"
"buskia_app","BUSKIA","beta_julio_2026","Beta Julio 2026","tester_003","qa3@buskia.com","[""registro"",""login""]","funciono","baja","Registro y login correctos; sugerencia menor en textos de ayuda.","AuthScreen","Si","No afecta","Si","El flujo es claro y rapido en dispositivos actuales.","Muy clara","Buenos","Muy facil","1. Crear cuenta nueva. 2. Confirmar correo. 3. Iniciar sesion.","Simplificar el texto del tooltip en campo de contrasena.","","","{}","# Reporte
- Flujo de autenticacion estable
- Ajuste menor recomendado","2026-07-07T17:05:00Z","2026-07-07T17:08:00Z"
